<?xml version='1.0' encoding='UTF-8' ?>
<timeLogEntries>
  <time id="1" path="/Tareas Integradoras/jfx-book-store/Planning" start="@1614906098711" delta="21" comment="Funtional requirements were done for the module 1" />
  <time id="2" path="/Tareas Integradoras/jfx-book-store/Planning" start="@1615341292186" delta="7" comment="planning about queue kind of structure" />
  <time id="3" path="/Tareas Integradoras/jfx-book-store/Design" start="@1615341711310" delta="68" comment="desing the flow structure of the queue data structure" />
  <time id="4" path="/Tareas Integradoras/jfx-book-store/Design" start="@1615348151000" delta="21" comment="design the queue's TAD" />
  <time id="5" path="/Tareas Integradoras/jfx-book-store/Code" start="@1615479545128" delta="74" comment="Data Structures Queue and stack were implemented and tested " />
  <time id="6" path="/Tareas Integradoras/jfx-book-store/Planning" start="@1615681262660" delta="16" comment="Planning about linked list structure" />
  <time id="7" path="/Tareas Integradoras/jfx-book-store/Code" start="@1615682308052" delta="106" interrupt="19" comment="Data strucuture linked list was implemented and partially tested " />
  <time id="9" path="/explicación/Mini tutorial 1/Planning" start="@1615753878319" delta="4" comment="fue una corta explicación" />
  <time id="10" path="/Tareas Integradoras/jfx-book-store/Planning" start="@1615770427277" delta="26" comment="Planning about hash table building" />
  <time id="11" path="/Tareas Integradoras/jfx-book-store/Code" start="@1615772269829" delta="58" comment="Hash table was implemented and tested" />
  <time id="12" path="/Tareas Integradoras/jfx-book-store/Planning" start="@1616081769269" delta="66" comment="Planning about input data" />
  <time id="13" path="/Tareas Integradoras/jfx-book-store/Design" start="@1616085743246" delta="28" comment="requirements redaction" />
  <time id="14" path="/Tareas Integradoras/jfx-book-store/Code" start="@1616092270365" delta="28" comment="Adding GUI details " />
  <time id="15" path="/Tareas Integradoras/jfx-book-store/Code" start="@1616099681151" delta="111" comment="creating read Input module" />
  <time id="16" path="/Tareas Integradoras/jfx-book-store/Code" start="@1616196587037" delta="9" comment="Modifying read input module " />
  <time id="17" path="/Tareas Integradoras/jfx-book-store/Code" start="@1616199833071" delta="20" comment="Planning about merge sort implementation" />
  <time id="18" path="/Tareas Integradoras/jfx-book-store/Planning" start="@1616201077007" delta="31" comment="Planning about merge sort" />
  <time id="19" path="/Tareas Integradoras/jfx-book-store/Code" start="@1616202937635" delta="57" comment="merge sort implementated" />
  <time id="20" path="/Tareas Integradoras/jfx-book-store/Test" start="@1616206423564" delta="7" comment="Merge sort testing" />
  <time id="21" path="/Tareas Integradoras/jfx-book-store/Test" start="@1616210641954" delta="6" interrupt="1" comment="Merge sort tested" />
  <time id="22" path="/Tareas Integradoras/jfx-book-store/Planning" start="@1616259496044" delta="61" interrupt="5" comment="Planning quick sort" />
  <time id="23" path="/Tareas Integradoras/jfx-book-store/Code" start="@1616263500477" delta="6" comment="final methods implementing" />
  <time id="24" path="/Tareas Integradoras/jfx-book-store/Code" start="@1616280577118" delta="94" comment="output methods added" />
  <time id="25" path="/Tareas Integradoras/jfx-book-store/Code" start="@1616461172064" delta="65" comment="last methods implemented " />
  <time id="26" path="/Tareas Integradoras/jfx-book-store/Test" start="@1616465064584" delta="53" comment="result tested" />
  <time id="27" path="/Tareas Integradoras/jfx-book-store/Design" start="@1616510274575" delta="75" comment="UML diagrams design" />
  <time id="28" path="/Tareas Integradoras/jfx-book-store/Planning" start="@1616514744942" delta="8" />
  <time id="29" path="/Tareas Integradoras/jfx-book-store/Design" start="@1616515254558" delta="9" interrupt="22" comment="merge sort temporal analysis" />
  <time id="30" path="/Tareas Integradoras/jfx-book-store/Design" start="@1616526066214" delta="59" interrupt="10" comment="temporal and spacial algorithms analysis and TestCases Design" />
  <time id="32" path="/Tareas Integradoras/jfx-book-store/Postmortem" start="@1616530257809" delta="32" comment="Postmortem was redacted" />
  <time id="33" path="/Tareas Integradoras/Tarea-Integradora-2/Planning" start="@1618154374000" delta="209" comment="Gathering for planning and information serach" />
  <time id="34" path="/Tareas Integradoras/Tarea-Integradora-2/Planning" start="@1618787240146" delta="14" comment="Planning and writing the BST TAD " />
  <time id="35" path="/Tareas Integradoras/Tarea-Integradora-2/Design" start="@1618789873202" delta="25" comment="BST class diagram design" />
  <time id="36" path="/Tareas Integradoras/Tarea-Integradora-2/Planning" start="@1618937174750" delta="4" comment="Planning and writing AVL TAD" />
  <time id="37" path="/Tareas Integradoras/Tarea-Integradora-2/Code" start="@1619104800094" delta="34" comment="Partial Implementation of BST" />
  <time id="38" path="/Tareas Integradoras/Tarea-Integradora-2/Code" start="@1619107594131" delta="18" comment="Partial Implementation of BST" />
  <time id="39" path="/Tareas Integradoras/Tarea-Integradora-2/Code" start="@1619109207312" delta="37" comment="Partial Implementation of BST" />
  <time id="40" path="/Tareas Integradoras/Tarea-Integradora-2/Code" start="@1619147237905" delta="22" comment="Normal BST implemented" />
  <time id="41" path="/Tareas Integradoras/Tarea-Integradora-2/Code" start="@1619371593115" delta="97" comment="Improving Node methods " />
  <time id="42" path="/Tareas Integradoras/Tarea-Integradora-2/Code" start="@1619398435247" delta="236" comment="Finished AVL correctly" />
  <time id="43" path="/Tareas Integradoras/Tarea-Integradora-2/Code" start="@1619555358102" delta="23" comment="starting RedBlackTree building" />
  <time id="44" path="/Tareas Integradoras/Tarea-Integradora-2/Code" start="@1619569875809" delta="115" comment="Implementing some methods of RedBlackTree" />
</timeLogEntries>
